process,plugin,model,phase,sample_count,processing_latency_ms,std_latency_ms,min_latency_ms,max_latency_ms,p95_latency_ms,e2e_latency_ms,t_start,t_end
world,Recorder,Recorder,boot,1,0.008080038242042065,0.0,0.008080038242042065,0.008080038242042065,0.008080038242042065,0.008080038242042065,865641.241725639,865641.241733719
world,Recorder,Recorder,loop,30,0.0041763569849232835,0.004432174710774297,0.0008969800546765327,0.024472945369780064,0.010308413766324513,69.04290672391653,865641.241733719,865642.245700944
world,Recorder,Recorder,loop,30,0.0031550259639819465,0.0051067664055838465,0.0017910497263073921,0.030619907192885876,0.0027915346436202517,69.08842919316764,865642.245700944,865643.25033417
world,Recorder,Recorder,loop,30,0.004691809105376403,0.01217131968750017,0.0009890645742416382,0.0699879601597786,0.005816854536533354,69.89607190092404,865643.25033417,865644.2601656
world,Recorder,Recorder,loop,27,0.0038362685935916722,0.003996095938875555,0.001878943294286728,0.023558037355542183,0.005456386134028435,70.51483944006678,865644.2601656,865645.261763912
world,Recorder,Recorder,loop,30,0.003236582657943169,0.003934500694392444,0.001917942427098751,0.024356995709240437,0.0031142961233854285,69.30157036986202,865645.261763912,865646.26575432
world,Recorder,Recorder,loop,30,0.003682057528446118,0.006452938657417868,0.0017309794202446938,0.03838993143290281,0.003111042315140366,69.26600323446716,865646.26575432,865647.2747764
world,Recorder,Recorder,loop,30,0.003639635785172383,0.005602425694649013,0.0019470462575554848,0.03374204970896244,0.0032619165722280736,69.48153816629201,865647.2747764,865648.278733961
world,Recorder,Recorder,loop,30,0.0036671175621449947,0.00598026548325954,0.0017730053514242172,0.03581191413104534,0.003154115984216332,69.37786606916536,865648.278733961,865649.282857104
world,Recorder,Recorder,loop,30,0.0035606402282913527,0.004891792528292978,0.0019400613382458687,0.029841088689863682,0.003278319491073489,69.46077135313924,865649.282857104,865650.290825949
world,Recorder,Recorder,loop,30,0.003606791142374277,0.005259533977455048,0.0019639264792203903,0.0318760285153985,0.0031837378628551956,69.65329112717882,865650.290825949,865651.294755824
world,Recorder,Recorder,loop,30,0.0035728327929973602,0.005388966740135839,0.002027023583650589,0.03254902549088001,0.0031592266168445344,69.44672559232761,865651.294755824,865652.298878683
world,Recorder,Recorder,loop,30,0.0036227361609538398,0.005778942481019579,0.0017479760572314262,0.03468594513833523,0.0030265364330261946,69.64365270299216,865652.298878683,865653.306974557
world,Recorder,Recorder,loop,30,0.0032033732471366725,0.0037019900473824123,0.0017309794202446938,0.023000058718025684,0.0034065509680658575,69.6561995272835,865653.306974557,865654.310564497
world,Recorder,Recorder,loop,30,0.003646977711468935,0.00579229837880084,0.0016900012269616127,0.034747994504868984,0.003244873369112611,69.50499441397066,865654.310564497,865655.315012577
world,Recorder,Recorder,loop,30,0.003462374055137237,0.005338988763751367,0.0017720740288496017,0.03212899900972843,0.0030626659281551834,69.79561464395374,865655.315012577,865656.323100314
world,Recorder,Recorder,loop,30,0.00354138125355045,0.004848559672915002,0.0016710255295038223,0.029569026082754135,0.0031392613891512156,69.76796044036746,865656.323100314,865657.327104777
world,Recorder,Recorder,loop,30,0.003270843687156836,0.004355288635934115,0.0019120052456855774,0.026668072678148746,0.0029543880373239517,69.71942906966433,865657.327104777,865658.331179938
world,Recorder,Recorder,loop,30,0.003583725386609634,0.005261620582827093,0.0018799910321831703,0.03185798414051533,0.0033828371670097087,70.06590005864079,865658.331179938,865659.341028246
world,Recorder,Recorder,loop,30,0.003161898348480463,0.0034617233679954756,0.00168592669069767,0.021704938262701035,0.0030390860047191373,69.78426410350949,865659.341028246,865660.342315911
world,Recorder,Recorder,loop,30,0.0035494410743316016,0.005089256454634803,0.0017940765246748924,0.030889990739524364,0.0032155192457139488,69.95894256591176,865660.342315911,865661.347208032
world,Recorder,Recorder,loop,30,0.003913906402885914,0.005711056226244912,0.0018810387700796127,0.03333296626806259,0.007947039557620859,70.07787993643433,865661.347208032,865662.35534068
world,Recorder,Recorder,loop,30,0.003553802768389384,0.004822489851391488,0.0018409918993711472,0.029454007744789124,0.0032407522667199373,70.00799815868959,865662.35534068,865663.359308713
world,Recorder,Recorder,loop,6,0.002252170816063881,0.00026747461658004545,0.0019239960238337517,0.002663000486791134,0.002609769580885768,69.9364025106964,865663.359308713,865663.563472263
world,Blink_Detection,Blink_Detection,boot,1,0.016373000107705593,0.0,0.016373000107705593,0.016373000107705593,0.016373000107705593,0.016373000107705593,865641.241689767,865641.24170614
world,Blink_Detection,Blink_Detection,loop,30,0.006995342361430327,0.004844920663541014,0.0022829044610261917,0.019902014173567295,0.015308317961171262,69.03179366296779,865641.24170614,865642.245588384
world,Blink_Detection,Blink_Detection,loop,30,0.0037551547090212503,0.0006926748208452081,0.002893037162721157,0.006427988409996033,0.004853913560509681,69.07837299707656,865642.245588384,865643.250164581
world,Blink_Detection,Blink_Detection,loop,30,0.0050207328361769514,0.0029034490567153154,0.0023350585252046585,0.013360986486077309,0.011936237569898362,69.87881746996815,865643.250164581,865644.259804689
world,Blink_Detection,Blink_Detection,loop,27,0.006388230421752842,0.0026787132699222513,0.003637978807091713,0.012155040167272091,0.011574302334338427,70.50459825485531,865644.259804689,865645.261678985
world,Blink_Detection,Blink_Detection,loop,30,0.005224824417382479,0.0008228448544164799,0.003761029802262783,0.006958027370274067,0.0061264552641659975,69.2931006080471,865645.261678985,865646.265672204
world,Blink_Detection,Blink_Detection,loop,30,0.005323517446716626,0.0007892692418499757,0.003603985533118248,0.006331014446914196,0.006269890582188964,69.25346237064029,865646.265672204,865647.274575827
world,Blink_Detection,Blink_Detection,loop,30,0.005322465828309457,0.0008646896350095642,0.0036300625652074814,0.006376998499035835,0.006265024421736598,69.46944939360644,865647.274575827,865648.27855113
world,Blink_Detection,Blink_Detection,loop,30,0.005102875487258037,0.0008328502137915617,0.0037850113585591316,0.006221001967787743,0.006063171895220876,69.36600943251203,865648.27855113,865649.282673419
world,Blink_Detection,Blink_Detection,loop,30,0.005431612953543663,0.0008117660065653001,0.0036259880289435387,0.006337999366223812,0.0062643433921039104,69.44875460273276,865649.282673419,865650.290649019
world,Blink_Detection,Blink_Detection,loop,30,0.005962074889491002,0.002396961450439105,0.003827037289738655,0.018181046470999718,0.006403634324669838,69.64132196347539,865650.290649019,865651.294584113
world,Blink_Detection,Blink_Detection,loop,30,0.005431069682041804,0.0007295368063417845,0.0038439175114035606,0.006367918103933334,0.0062695820815861225,69.43467025024195,865651.294584113,865652.298698828
world,Blink_Detection,Blink_Detection,loop,30,0.005499184286842744,0.0007955280743319241,0.003693043254315853,0.00685802660882473,0.00623936066403985,69.63155513318877,865652.298698828,865653.306791853
world,Blink_Detection,Blink_Detection,loop,30,0.005008326843380928,0.0009116544809431194,0.0037300633266568184,0.006146961823105812,0.006033619865775108,69.64766739401966,865653.306791853,865654.310480473
world,Blink_Detection,Blink_Detection,loop,30,0.005355772251884143,0.0009194567519848152,0.003490014933049679,0.00654999166727066,0.0063637038692831984,69.49301026761532,865654.310480473,865655.314830577
world,Blink_Detection,Blink_Detection,loop,30,0.00521282587821285,0.0009693814117225269,0.003637978807091713,0.006792950443923473,0.006378296529874206,69.78372503072023,865655.314830577,865656.322914046
world,Blink_Detection,Blink_Detection,loop,30,0.00543206309278806,0.0007463533420285692,0.003623892553150654,0.006279093213379383,0.006168166873976588,69.75525628852968,865656.322914046,865657.326908247
world,Blink_Detection,Blink_Detection,loop,30,0.005147904933740695,0.0008285395567285421,0.0038850121200084686,0.006144051440060139,0.006095430580899119,69.70697164069861,865657.326908247,865658.330977172
world,Blink_Detection,Blink_Detection,loop,30,0.0053190509788692,0.0007128754496142892,0.003846944309771061,0.0064229825511574745,0.006016402039676905,70.05672376059617,865658.330977172,865659.340935962
world,Blink_Detection,Blink_Detection,loop,30,0.00528372668971618,0.0008125123070963934,0.0036980491131544113,0.006593996658921242,0.006177375325933099,69.77499054434399,865659.340935962,865660.342235032
world,Blink_Detection,Blink_Detection,loop,30,0.005448636754105489,0.0008231713393964021,0.0036400742828845978,0.006636022590100765,0.006332393968477845,69.94695555962001,865660.342235032,865661.347032418
world,Blink_Detection,Blink_Detection,loop,30,0.0053844996728003025,0.0009117614778056416,0.003629014827311039,0.006866059266030788,0.006289203884080052,70.06543689252187,865661.347032418,865662.355160262
world,Blink_Detection,Blink_Detection,loop,30,0.006236298941075802,0.002881361882330307,0.0030780211091041565,0.018797931261360645,0.011374952737241975,69.9957324230733,865662.355160262,865663.359129962
world,Blink_Detection,Blink_Detection,loop,6,0.0042404669026533766,0.0006939609794798419,0.003508990630507469,0.005658017471432686,0.005322013748809695,69.9314833424675,865663.359129962,865663.563941525
world,Display_Recent_Gaze,Display_Recent_Gaze,boot,1,0.004102941602468491,0.0,0.004102941602468491,0.004102941602468491,0.004102941602468491,0.004102941602468491,865641.241661762,865641.241665865
world,Display_Recent_Gaze,Display_Recent_Gaze,loop,30,0.0022103311493992805,0.0016000403314957645,0.0007270136848092079,0.005968962796032429,0.005453662015497684,69.01842209432895,865641.241665865,865642.245520673
world,Display_Recent_Gaze,Display_Recent_Gaze,loop,30,0.0011259418291350205,0.00023002721145899512,0.000800006091594696,0.001809094101190567,0.001528649590909481,69.0677795636778,865642.245520673,865643.250020021
world,Display_Recent_Gaze,Display_Recent_Gaze,loop,30,0.0015570782124996185,0.0009251480269351076,0.0007230555638670921,0.004242989234626293,0.0037604128010571,69.8616099000598,865643.250020021,865644.259509162
world,Display_Recent_Gaze,Display_Recent_Gaze,loop,27,0.0020100010765923392,0.0010637762218640835,0.0009030336514115334,0.004230998456478119,0.004099099896848202,70.49186733827271,865644.259509162,865645.261608682
world,Display_Recent_Gaze,Display_Recent_Gaze,loop,30,0.0012727958771089714,0.000247017963544808,0.0007699709385633469,0.001784064806997776,0.0016534700989723203,69.28245490416884,865645.261608682,865646.265604781
world,Display_Recent_Gaze,Display_Recent_Gaze,loop,30,0.0013442283185819786,0.0002643129644331705,0.0007969792932271957,0.001995009370148182,0.0017270853277295826,69.23975416381533,865646.265604781,865647.27442007
world,Display_Recent_Gaze,Display_Recent_Gaze,loop,30,0.0013507786206901073,0.000322697538570731,0.0007629860192537308,0.0019799917936325073,0.0019099854398518799,69.45567476019885,865647.27442007,865648.278395824
world,Display_Recent_Gaze,Display_Recent_Gaze,loop,30,0.0012739057031770547,0.0003083311547086175,0.0007390044629573822,0.001835986040532589,0.0017383368685841556,69.35281806314985,865648.278395824,865649.282517843
world,Display_Recent_Gaze,Display_Recent_Gaze,loop,30,0.001351787553479274,0.0002236762576378086,0.0009639188647270203,0.001767999492585659,0.0017278769519180057,69.43476335533585,865649.282517843,865650.290494673
world,Display_Recent_Gaze,Display_Recent_Gaze,loop,30,0.0013909923533598583,0.00022066352076778256,0.0007749767974019051,0.0017510028555989265,0.0016861537005752325,69.62700347648934,865650.290494673,865651.294437243
world,Display_Recent_Gaze,Display_Recent_Gaze,loop,30,0.0013859438089032967,0.00023079923258836015,0.0007610069587826729,0.0018060673028230667,0.0017795595340430737,69.42076010939975,865651.294437243,865652.298544746
world,Display_Recent_Gaze,Display_Recent_Gaze,loop,30,0.001358873366067807,0.00025563604705471175,0.0008080387488007545,0.002091052010655403,0.0016789417713880535,69.61761498823762,865652.298544746,865653.306635195
world,Display_Recent_Gaze,Display_Recent_Gaze,loop,30,0.001335982233285904,0.0002737283787625831,0.0007390044629573822,0.001792912371456623,0.0017466431017965076,69.63729786220938,865653.306635195,865654.310412936
world,Display_Recent_Gaze,Display_Recent_Gaze,loop,30,0.0013798048409322898,0.00026165471007986036,0.000967993400990963,0.0019290018826723099,0.0018123595509678125,69.47928870795295,865654.310412936,865655.314675808
world,Display_Recent_Gaze,Display_Recent_Gaze,loop,30,0.0012798972117404144,0.0002709151839012339,0.0008499482646584511,0.0019330764189362526,0.0016096746549010277,69.770136817048,865655.314675808,865656.322753082
world,Display_Recent_Gaze,Display_Recent_Gaze,loop,30,0.0013732700608670712,0.0001806914211942653,0.0009959330782294273,0.0017320271581411362,0.0016587902791798113,69.74121415599559,865656.322753082,865657.32675218
world,Display_Recent_Gaze,Display_Recent_Gaze,loop,30,0.0013040921961267788,0.0002543784249629054,0.0007740454748272896,0.0020440202206373215,0.0017106824088841672,69.69350185245275,865657.32675218,865658.330821135
world,Display_Recent_Gaze,Display_Recent_Gaze,loop,30,0.0013693973111609619,0.00022864847537483246,0.0009540235623717308,0.0018300488591194153,0.00163358636200428,70.04578046423073,865658.330821135,865659.340868417
world,Display_Recent_Gaze,Display_Recent_Gaze,loop,30,0.0013456912711262703,0.00025867463483226577,0.0008969800546765327,0.0018660211935639381,0.0017228652723133564,69.76409506751224,865659.340868417,865660.3421719
world,Display_Recent_Gaze,Display_Recent_Gaze,loop,30,0.0013841471324364345,0.000254367707174442,0.0008910428732633591,0.0019030412659049034,0.001787708606570959,69.93289152548338,865660.3421719,865661.346876209
world,Display_Recent_Gaze,Display_Recent_Gaze,loop,30,0.0015663060670097668,0.0008034663026323997,0.0009280629456043243,0.005691079422831535,0.002004392445087432,70.05158820732807,865661.346876209,865662.355004369
world,Display_Recent_Gaze,Display_Recent_Gaze,loop,30,0.001378966650615136,0.0002396191035647029,0.0008409842848777771,0.0017869751900434494,0.001671141944825649,69.98069143931691,865662.355004369,865663.35897042
world,Display_Recent_Gaze,Display_Recent_Gaze,loop,6,0.0011956823679308097,0.00032451715261133733,0.0009589130058884621,0.0018959399312734604,0.0017187267076224089,69.92508734886844,865663.35897042,865663.564260048
world,System_Graphs,System_Graphs,boot,1,0.005179899744689465,0.0,0.005179899744689465,0.005179899744689465,0.005179899744689465,0.005179899744689465,865641.24164419,865641.24164937
world,System_Graphs,System_Graphs,loop,30,0.03052146639674902,0.06361694458481301,0.001600012183189392,0.25461195036768913,0.1715466321911658,69.00952377278979,865641.24164937,865642.245441478
world,System_Graphs,System_Graphs,loop,30,0.016886007506400347,0.028861445672823467,0.0020279549062252045,0.0856759725138545,0.07479559280909598,69.0592701973704,865642.245441478,865643.249870151
world,System_Graphs,System_Graphs,loop,30,0.02334404659147064,0.04716437810265601,0.001701992005109787,0.2299299230799079,0.08700524922460315,69.847013875066,865643.249870151,865644.259208597
world,System_Graphs,System_Graphs,loop,27,0.026018811493284173,0.05120429950925688,0.002337968908250332,0.22652896586805582,0.10993954492732881,70.4826184341477,865644.259208597,865645.261532729
world,System_Graphs,System_Graphs,loop,30,0.026568060275167227,0.05267632331993358,0.0024239998310804367,0.24410698097199202,0.10360296582803129,69.27514310615759,865645.261532729,865646.265538486
world,System_Graphs,System_Graphs,loop,30,0.021122073909888666,0.035030759039774796,0.0025889603421092033,0.10567903518676758,0.10216294322162867,69.2290931668443,865646.265538486,865647.274259293
world,System_Graphs,System_Graphs,loop,30,0.023385808647920687,0.03934638446345248,0.002596992999315262,0.12132094707340002,0.10702440049499272,69.44513485844557,865647.274259293,865648.278235845
world,System_Graphs,System_Graphs,loop,30,0.021430364965150755,0.03580728173518784,0.002505956217646599,0.10693608783185482,0.09929701918736099,69.34248629258946,865648.278235845,865649.282357637
world,System_Graphs,System_Graphs,loop,30,0.022715885036935408,0.037883895639556756,0.002649961970746517,0.10927789844572544,0.10461080237291753,69.42410367385794,865649.282357637,865650.290335604
world,System_Graphs,System_Graphs,loop,30,0.02234186589096983,0.03686950688482766,0.002770102582871914,0.11500599794089794,0.10564837721176444,69.61654290013637,865650.290335604,865651.294287429
world,System_Graphs,System_Graphs,loop,30,0.024241946327189606,0.04078615827398214,0.0026780180633068085,0.11512194760143757,0.10758019052445889,69.41004125401378,865651.294287429,865652.298385129
world,System_Graphs,System_Graphs,loop,30,0.021233607549220324,0.03455890295410881,0.0026710331439971924,0.10452792048454285,0.09496461716480552,69.6068556047976,865652.298385129,865653.306474389
world,System_Graphs,System_Graphs,loop,30,0.022255357665320236,0.037566029619312734,0.002644956111907959,0.10966102126985788,0.10424270294606683,69.62992075908308,865653.306474389,865654.310340763
world,System_Graphs,System_Graphs,loop,30,0.022328416040788095,0.03732452253233155,0.002785935066640377,0.11360296048223972,0.1043048221617937,69.46855167625472,865654.310340763,865655.314513126
world,System_Graphs,System_Graphs,loop,30,0.023138631756107014,0.039294397902323995,0.0025139888748526573,0.11357094626873732,0.10295977699570358,69.75961123825982,865655.314513126,865656.322586446
world,System_Graphs,System_Graphs,loop,30,0.021432650585969288,0.03521219836432745,0.0026979250833392143,0.10954705066978931,0.10115989134646947,69.73035659951468,865656.322586446,865657.326589597
world,System_Graphs,System_Graphs,loop,30,0.01952976454049349,0.03182974915450697,0.0025780173018574715,0.10156701318919659,0.0908554240595549,69.6829302314048,865657.326589597,865658.330660174
world,System_Graphs,System_Graphs,loop,30,0.021368067245930433,0.03522099804478522,0.002515967935323715,0.10412302799522877,0.10078246705234051,70.03763653726007,865658.330660174,865659.340785398
world,System_Graphs,System_Graphs,loop,30,0.02196623633305232,0.03672433534634197,0.0026329653337597847,0.10232289787381887,0.0997660041321069,69.7565730040272,865659.340785398,865660.342104896
world,System_Graphs,System_Graphs,loop,30,0.022196040178338688,0.036765562024421085,0.0026120105758309364,0.10443502105772495,0.10233659995719789,69.92213625538473,865660.342104896,865661.346718402
world,System_Graphs,System_Graphs,loop,30,0.021533388644456863,0.03533511317543206,0.00272202305495739,0.1190979965031147,0.09728687582537529,70.0407656064878,865661.346718402,865662.354839244
world,System_Graphs,System_Graphs,loop,30,0.023872599316140015,0.040094023983273296,0.002576969563961029,0.11283601634204388,0.11022800463251768,69.96973496085654,865662.354839244,865663.358809791
world,System_Graphs,System_Graphs,loop,6,0.014994487476845583,0.026994095305300562,0.0025669578462839127,0.07535296026617289,0.05733547732234001,69.92087666488563,865663.358809791,865663.564552742
world,ScreenMarkerChoreographyPlugin,ScreenMarkerChoreographyPlugin,boot,1,0.047770095989108086,0.0,0.047770095989108086,0.047770095989108086,0.047770095989108086,0.047770095989108086,865641.241557741,865641.241605511
world,ScreenMarkerChoreographyPlugin,ScreenMarkerChoreographyPlugin,loop,30,0.02816783186669151,0.015731594275984976,0.0085500068962574,0.0638510100543499,0.0592833792325109,68.96100496718039,865641.241605511,865642.245367762
world,ScreenMarkerChoreographyPlugin,ScreenMarkerChoreographyPlugin,loop,30,0.017893236751357715,0.001434076149995858,0.016103964298963547,0.022769090719521046,0.020555843366309993,69.02960052636142,865642.245367762,865643.249706826
world,ScreenMarkerChoreographyPlugin,ScreenMarkerChoreographyPlugin,loop,30,0.021391843135158222,0.009288172397809625,0.007777940481901169,0.049844966270029545,0.03890396910719573,69.80140417193373,865643.249706826,865644.25885467
world,ScreenMarkerChoreographyPlugin,ScreenMarkerChoreographyPlugin,loop,27,0.02630655136373308,0.007180559576645922,0.017748097889125347,0.04207703750580549,0.03984473878517747,70.40088407747034,865644.25885467,865645.261416914
world,ScreenMarkerChoreographyPlugin,ScreenMarkerChoreographyPlugin,loop,30,0.0216352054849267,0.0026545041800291914,0.016503967344760895,0.024912995286285877,0.024254049640148878,69.19468686683103,865645.261416914,865646.265435774
world,ScreenMarkerChoreographyPlugin,ScreenMarkerChoreographyPlugin,loop,30,0.02247314356888334,0.0026662110980582663,0.016798963770270348,0.02659508027136326,0.024968310026451945,69.14945136134823,865646.265435774,865647.274037627
world,ScreenMarkerChoreographyPlugin,ScreenMarkerChoreographyPlugin,loop,30,0.022648193407803774,0.003147841376153496,0.016554957255721092,0.028665992431342602,0.02656448632478714,69.36390629271045,865647.274037627,865648.278020354
world,ScreenMarkerChoreographyPlugin,ScreenMarkerChoreographyPlugin,loop,30,0.022025767248123884,0.0030807440322433996,0.017006066627800465,0.02590904477983713,0.025604554684832692,69.26445529097691,865648.278020354,865649.282140375
world,ScreenMarkerChoreographyPlugin,ScreenMarkerChoreographyPlugin,loop,30,0.023066710370282333,0.002688124654138844,0.01743005122989416,0.026408000849187374,0.02567534102126956,69.34174230555072,865649.282140375,865650.29012002
world,ScreenMarkerChoreographyPlugin,ScreenMarkerChoreographyPlugin,loop,30,0.023178042223056156,0.002546181096743986,0.014947028830647469,0.02749508712440729,0.025340431602671742,69.53422397685547,865650.29012002,865651.29408256
world,ScreenMarkerChoreographyPlugin,ScreenMarkerChoreographyPlugin,loop,30,0.02316562458872795,0.00260922067497889,0.017786980606615543,0.03016204573214054,0.02499521360732615,69.32601245352998,865651.29408256,865652.298169534
world,ScreenMarkerChoreographyPlugin,ScreenMarkerChoreographyPlugin,loop,30,0.022896860415736835,0.002560920449057037,0.017869053408503532,0.026040012016892433,0.025226204888895154,69.5257223288839,865652.298169534,865653.306255314
world,ScreenMarkerChoreographyPlugin,ScreenMarkerChoreographyPlugin,loop,30,0.02140743114675085,0.0031315887382320708,0.01714297104626894,0.026396941393613815,0.02484433352947235,69.55428576329723,865653.306255314,865654.310211399
world,ScreenMarkerChoreographyPlugin,ScreenMarkerChoreographyPlugin,loop,30,0.02296767197549343,0.002796678319014815,0.017554033547639847,0.02605002373456955,0.025752198416739702,69.38656747806817,865654.310211399,865655.31428963
world,ScreenMarkerChoreographyPlugin,ScreenMarkerChoreographyPlugin,loop,30,0.021621355942140024,0.0027379771313267337,0.017215963453054428,0.02483802381902933,0.024500739527866244,69.68003079139937,865655.31428963,865656.322361033
world,ScreenMarkerChoreographyPlugin,ScreenMarkerChoreographyPlugin,loop,30,0.022925793503721554,0.0029484474731878464,0.017162063159048557,0.03064400516450405,0.025606213603168726,69.649214107388,865656.322361033,865657.326371709
world,ScreenMarkerChoreographyPlugin,ScreenMarkerChoreographyPlugin,loop,30,0.022079698586215574,0.0029299940430769942,0.016991980373859406,0.02584990579634905,0.025494309375062585,69.60587470093742,865657.326371709,865658.330444152
world,ScreenMarkerChoreographyPlugin,ScreenMarkerChoreographyPlugin,loop,30,0.022534447877357405,0.002203493702908759,0.01754902768880129,0.02465501893311739,0.024504243629053235,69.959059493461,865658.330444152,865659.340650651
world,ScreenMarkerChoreographyPlugin,ScreenMarkerChoreographyPlugin,loop,30,0.022209726739674807,0.0028736308353152222,0.017425045371055603,0.025652931071817875,0.025167904095724225,69.67936550499871,865659.340650651,865660.341992141
world,ScreenMarkerChoreographyPlugin,ScreenMarkerChoreographyPlugin,loop,30,0.022935308516025543,0.002766045821837799,0.017518061213195324,0.026133027859032154,0.025586102856323123,69.84029080097874,865660.341992141,865661.346500329
world,ScreenMarkerChoreographyPlugin,ScreenMarkerChoreographyPlugin,loop,30,0.02279864080871145,0.0029151610403914067,0.017530051991343498,0.026859925128519535,0.025434221606701612,69.95946457609534,865661.346500329,865662.354617477
world,ScreenMarkerChoreographyPlugin,ScreenMarkerChoreographyPlugin,loop,30,0.023023462078223627,0.0028613278360958483,0.013745971955358982,0.026089954189956188,0.02543507725931704,69.88506569371869,865662.354617477,865663.358592769
world,ScreenMarkerChoreographyPlugin,ScreenMarkerChoreographyPlugin,loop,6,0.019428145606070757,0.0027959406378528654,0.017103971913456917,0.025477958843111992,0.023924949346110225,69.86269500339404,865663.358592769,865663.565041116
world,Fixation_Detector,Fixation_Detector,boot,1,0.012131989933550358,0.0,0.012131989933550358,0.012131989933550358,0.012131989933550358,0.012131989933550358,865641.24153464,865641.241546772
world,Fixation_Detector,Fixation_Detector,loop,30,0.007138832006603479,0.005158847752001259,0.0025870976969599724,0.02131692599505186,0.015098816948011512,68.92584650389229,865641.241546772,865642.245283817
world,Fixation_Detector,Fixation_Detector,loop,30,0.003636283023903767,0.0005151264316347244,0.002971966750919819,0.005480949766933918,0.004736549453809856,69.00394189869985,865642.245283817,865643.249536169
world,Fixation_Detector,Fixation_Detector,loop,30,0.004917259017626445,0.0030535141235154824,0.002627028152346611,0.012950040400028229,0.012813776265829802,69.76625059808914,865643.249536169,865644.258518747
world,Fixation_Detector,Fixation_Detector,loop,27,0.006698955850744689,0.0031149886102438845,0.0032460084185004234,0.01273804809898138,0.012289395090192556,70.36735702961407,865644.258518747,865645.261335285
world,Fixation_Detector,Fixation_Detector,loop,30,0.004232100521524747,0.0007322725383155926,0.00287697184830904,0.005192938260734081,0.0051393581088632345,69.16687171130131,865645.261335285,865646.265357429
world,Fixation_Detector,Fixation_Detector,loop,30,0.004505971446633339,0.0007900792585314978,0.0030350638553500175,0.00579305924475193,0.005459855310618877,69.1173580979618,865646.265357429,865647.273849281
world,Fixation_Detector,Fixation_Detector,loop,30,0.0046379708995421725,0.0014277153111973806,0.002745073288679123,0.010834075510501862,0.005972723010927436,69.33167356376846,865647.273849281,865648.27783225
world,Fixation_Detector,Fixation_Detector,loop,30,0.004264673528571923,0.000877490492431852,0.0028311042115092278,0.006043002940714359,0.00542853958904743,69.23146839253604,865648.27783225,865649.281906524
world,Fixation_Detector,Fixation_Detector,loop,30,0.004582374822348356,0.0007630340848872046,0.003078952431678772,0.005473033525049686,0.005334749585017562,69.30880560539663,865649.281906524,865650.289933901
world,Fixation_Detector,Fixation_Detector,loop,30,0.0047580959896246595,0.0008683311912413311,0.002688029780983925,0.007643015123903751,0.005749484989792108,69.50139043231805,865650.289933901,865651.293903591
world,Fixation_Detector,Fixation_Detector,loop,30,0.004609076616664727,0.000633381185232251,0.0031579984351992607,0.005483045242726803,0.005328038241714239,69.29303156600024,865651.293903591,865652.297981023
world,Fixation_Detector,Fixation_Detector,loop,30,0.004600434719274442,0.0007376086162283565,0.0029639340937137604,0.006183050572872162,0.005281070480123161,69.49287893561025,865652.297981023,865653.306065468
world,Fixation_Detector,Fixation_Detector,loop,30,0.004247960168868303,0.0008384839358527335,0.003042980097234249,0.005402951501309872,0.005313096335157752,69.52521379571408,865653.306065468,865654.310086584
world,Fixation_Detector,Fixation_Detector,loop,30,0.004724494647234678,0.0008202842548967701,0.0028640497475862503,0.005878973752260208,0.005794136086478829,69.35408807282026,865654.310086584,865655.314105679
world,Fixation_Detector,Fixation_Detector,loop,30,0.004300141396621863,0.0007969255775379088,0.0030320370569825172,0.005427049472928047,0.0052116927690804005,69.64903896441683,865655.314105679,865656.322176691
world,Fixation_Detector,Fixation_Detector,loop,30,0.004993126882861058,0.002709207628490418,0.0027759233489632607,0.019074068404734135,0.00534973805770278,69.61656267133851,865656.322176691,865657.32618684
world,Fixation_Detector,Fixation_Detector,loop,30,0.004315093004455169,0.0007908674624033285,0.002942979335784912,0.005507026799023151,0.005181279266253114,69.57444508637612,865657.32618684,865658.330260182
world,Fixation_Detector,Fixation_Detector,loop,30,0.004490554177512725,0.0006806636331447583,0.002869986928999424,0.005537061952054501,0.005285715451464056,69.92998393640543,865658.330260182,865659.340565452
world,Fixation_Detector,Fixation_Detector,loop,30,0.0044256603966156645,0.0007439681053856373,0.0029229559004306793,0.005392939783632755,0.005245569627732038,69.65067889929439,865659.340565452,865660.341909999
world,Fixation_Detector,Fixation_Detector,loop,30,0.0046217891698082285,0.0006594454786983372,0.003237975761294365,0.005462905392050743,0.005423498805612326,69.80786668912818,865660.341909999,865661.346324041
world,Fixation_Detector,Fixation_Detector,loop,30,0.004620008015384276,0.0007551999204240947,0.0028799986466765404,0.005659996531903744,0.005597993731498718,69.9268532412437,865661.346324041,865662.354431774
world,Fixation_Detector,Fixation_Detector,loop,30,0.0046576450889309244,0.0006445747913336585,0.003130990080535412,0.005436944775283337,0.00526377116329968,69.85196808042626,865662.354431774,865663.35840382
world,Fixation_Detector,Fixation_Detector,loop,6,0.003441139900436004,0.0008499483667515056,0.0029730144888162613,0.005328911356627941,0.0048144429456442595,69.83989818642537,865663.35840382,865663.565643393
world,Pupil_Data_Relay,Pupil_Data_Relay,boot,1,0.04439696203917265,0.0,0.04439696203917265,0.04439696203917265,0.04439696203917265,0.04439696203917265,865641.241478187,865641.241522584
world,Pupil_Data_Relay,Pupil_Data_Relay,loop,30,0.021703793512036402,0.01178255456309788,0.008227070793509483,0.0446150079369545,0.04137972719036042,68.9111102760459,865641.241522584,865642.245209917
world,Pupil_Data_Relay,Pupil_Data_Relay,loop,30,0.01473216883217295,0.003385300941693501,0.007048947736620903,0.020620995201170444,0.019746413454413414,68.99223080060135,865642.245209917,865643.249373814
world,Pupil_Data_Relay,Pupil_Data_Relay,loop,30,0.01805099891498685,0.009450721193699432,0.005857087671756744,0.04281499423086643,0.038860790664330125,69.7467872989364,865643.249373814,865644.258183984
world,Pupil_Data_Relay,Pupil_Data_Relay,loop,27,0.04139604236654661,0.02980313618130757,0.007977942004799843,0.13491790741682053,0.09711291640996932,70.3522859537905,865644.258183984,865645.261258234
world,Pupil_Data_Relay,Pupil_Data_Relay,loop,30,0.1125750985617439,0.026246407925951627,0.07088296115398407,0.15712296590209007,0.1464248343836516,69.155410102879,865645.261258234,865646.265283959
world,Pupil_Data_Relay,Pupil_Data_Relay,loop,30,0.11689997045323253,0.026815162917764174,0.06338790990412235,0.15358603559434414,0.15132675762288272,69.10241103808706,865646.265283959,865647.273674884
world,Pupil_Data_Relay,Pupil_Data_Relay,loop,30,0.12065860209986567,0.03235960641643761,0.06778410170227289,0.15948200598359108,0.15287540736608207,69.31657817525168,865647.273674884,865648.277659646
world,Pupil_Data_Relay,Pupil_Data_Relay,loop,30,0.11142709214861195,0.03117284770611743,0.06358500104397535,0.16452290583401918,0.16400580061599612,69.21707993606105,865648.277659646,865649.281733311
world,Pupil_Data_Relay,Pupil_Data_Relay,loop,30,0.12025486988325913,0.02752861208363677,0.065422966144979,0.1611720072105527,0.15366016305051744,69.29375430336222,865649.281733311,865650.289761992
world,Pupil_Data_Relay,Pupil_Data_Relay,loop,30,0.1190313642534117,0.02682883499905168,0.06554403807967901,0.1742140157148242,0.1566197781357914,69.48646024490397,865650.289761992,865651.293741538
world,Pupil_Data_Relay,Pupil_Data_Relay,loop,30,0.11916490426907937,0.026690819423689047,0.06829900667071342,0.1587179722264409,0.15359579119831324,69.27786942881842,865651.293741538,865652.297805033
world,Pupil_Data_Relay,Pupil_Data_Relay,loop,30,0.12458515896772344,0.03516844806353641,0.06712507456541061,0.2584870671853423,0.16449881950393316,69.47727023313443,865652.297805033,865653.305882221
world,Pupil_Data_Relay,Pupil_Data_Relay,loop,30,0.10689407742271821,0.03223718500365433,0.06098195444792509,0.1659350236877799,0.1607470621820539,69.50993649661541,865653.305882221,865654.309889327
world,Pupil_Data_Relay,Pupil_Data_Relay,loop,30,0.11237680058305462,0.02871286520021225,0.06359198596328497,0.1544550759717822,0.15069102519191802,69.33864970924333,865654.309889327,865655.313924121
world,Pupil_Data_Relay,Pupil_Data_Relay,loop,30,0.10812749775747459,0.02914601909174057,0.0640869839116931,0.17054099589586258,0.14272410771809518,69.63419892514746,865655.313924121,865656.321991787
world,Pupil_Data_Relay,Pupil_Data_Relay,loop,30,0.11930155645435055,0.026993223961645375,0.06659794598817825,0.1641879789531231,0.15859844861552116,69.60085923783481,865656.321991787,865657.326010144
world,Pupil_Data_Relay,Pupil_Data_Relay,loop,30,0.11404948309063911,0.03070926057771485,0.06310699973255396,0.17155194655060768,0.15514438273385167,69.55969970440492,865657.326010144,865658.330084561
world,Pupil_Data_Relay,Pupil_Data_Relay,loop,30,0.11778968619182706,0.022370332242019307,0.06859190762042999,0.15086494386196136,0.14496523654088375,69.91787822917104,865658.330084561,865659.340483377
world,Pupil_Data_Relay,Pupil_Data_Relay,loop,30,0.11697420074294011,0.02778338902629692,0.05732604768127203,0.16010995022952557,0.152191414963454,69.63875070990373,865659.340483377,865660.341829881
world,Pupil_Data_Relay,Pupil_Data_Relay,loop,30,0.12016704228396217,0.02617453082060015,0.07024710066616535,0.15922694001346827,0.15278042992576957,69.79283553858598,865660.341829881,865661.346154969
world,Pupil_Data_Relay,Pupil_Data_Relay,loop,30,0.11312299175187945,0.027146596028699507,0.06699096411466599,0.1505910186097026,0.14605825999751687,69.91130067035556,865661.346154969,865662.35424738
world,Pupil_Data_Relay,Pupil_Data_Relay,loop,30,0.1212173451979955,0.02645217623872098,0.0625500688329339,0.16354001127183437,0.15045289183035493,69.83657468420763,865662.35424738,865663.358231064
world,Pupil_Data_Relay,Pupil_Data_Relay,loop,6,0.07865418835232656,0.008090578821280702,0.06988306995481253,0.0941170146688819,0.09099251474253833,69.83294398135816,865663.358231064,865663.566153306
world,NetworkApiPlugin,NetworkApiPlugin,boot,1,0.004149973392486572,0.0,0.004149973392486572,0.004149973392486572,0.004149973392486572,0.004149973392486572,865641.241461745,865641.241465895
world,NetworkApiPlugin,NetworkApiPlugin,loop,30,0.017844602310409147,0.010511145946362346,0.0060229795053601265,0.04070496652275324,0.037055643042549484,68.88128403419007,865641.241465895,865642.245111181
world,NetworkApiPlugin,NetworkApiPlugin,loop,30,0.010982132516801357,0.0011745040682320273,0.009146053344011307,0.014613964594900608,0.013410934479907153,68.96950477967039,865642.245111181,865643.249197304
world,NetworkApiPlugin,NetworkApiPlugin,loop,30,0.013209254636118809,0.006347236943052734,0.005626934580504894,0.030616996809840202,0.027647480601444837,69.71309869550169,865643.249197304,865644.257787797
world,NetworkApiPlugin,NetworkApiPlugin,loop,27,0.021330361185526406,0.018678617916530495,0.007872004061937332,0.10983203537762165,0.032963347621262074,70.30176896498435,865644.257787797,865645.261091482
world,NetworkApiPlugin,NetworkApiPlugin,loop,30,0.012332460998247067,0.003161950477199729,0.008216011337935925,0.020020990632474422,0.018599134637042877,69.03601340794314,865645.261091482,865646.265139717
world,NetworkApiPlugin,NetworkApiPlugin,loop,30,0.011861595946053663,0.0018198537080301956,0.007866998203098774,0.016788020730018616,0.01343805924989283,68.97546539548784,865646.265139717,865647.273376969
world,NetworkApiPlugin,NetworkApiPlugin,loop,30,0.011842511594295502,0.0023278836758078795,0.007360009476542473,0.017348094843328,0.016386469360440966,69.18591786719237,865647.273376969,865648.277355656
world,NetworkApiPlugin,NetworkApiPlugin,loop,30,0.01132182078436017,0.0021328784690363076,0.007590046152472496,0.015833997167646885,0.013710337225347757,69.09536357658605,865648.277355656,865649.281437865
world,NetworkApiPlugin,NetworkApiPlugin,loop,30,0.01208883865425984,0.0015894446274913935,0.008429051376879215,0.013803946785628796,0.01356235588900745,69.16330377959336,865649.281437865,865650.289445891
world,NetworkApiPlugin,NetworkApiPlugin,loop,30,0.012345767269531885,0.0014566574890623157,0.007705995813012123,0.01394201535731554,0.013884302461519837,69.35733689072852,865650.289445891,865651.293454517
world,NetworkApiPlugin,NetworkApiPlugin,loop,30,0.011884483198324839,0.001390099624548925,0.00837491825222969,0.014106044545769691,0.01327291829511523,69.14839699941997,865651.293454517,865652.297507255
world,NetworkApiPlugin,NetworkApiPlugin,loop,30,0.011750512445966402,0.0017310332762016229,0.008331029675900936,0.013943994417786598,0.013677863171324132,69.34242223699887,865652.297507255,865653.30555266
world,NetworkApiPlugin,NetworkApiPlugin,loop,30,0.01099426687384645,0.0019337857514301331,0.00794499646872282,0.013498007319867611,0.013276562094688416,69.39327472743268,865653.30555266,865654.309593039
world,NetworkApiPlugin,NetworkApiPlugin,loop,30,0.01232893361399571,0.0024203139174605215,0.007673981599509716,0.018608057871460915,0.016024260548874732,69.2161903406183,865654.309593039,865655.313639927
world,NetworkApiPlugin,NetworkApiPlugin,loop,30,0.010996304141978422,0.0017871632657792732,0.008144997991621494,0.013182987459003925,0.012943032197654247,69.51591769854228,865655.313639927,865656.321683566
world,NetworkApiPlugin,NetworkApiPlugin,loop,30,0.012817524839192629,0.0034585216481699326,0.00849796924740076,0.027911970391869545,0.017355033196508877,69.47132252777617,865656.321683566,865657.325702623
world,NetworkApiPlugin,NetworkApiPlugin,loop,30,0.011626425354431072,0.0018427640549864288,0.007311929948627949,0.01622992567718029,0.013210432371124625,69.43565943899254,865657.325702623,865658.329802145
world,NetworkApiPlugin,NetworkApiPlugin,loop,30,0.012372143100947142,0.003234186428854076,0.007165013812482357,0.02697599120438099,0.01360182068310678,69.79195286985487,865658.329802145,865659.340269915
world,NetworkApiPlugin,NetworkApiPlugin,loop,30,0.011560041457414627,0.0019373769805978156,0.008126022294163704,0.014866003766655922,0.014284258941188451,69.51479030152161,865659.340269915,865660.341669542
world,NetworkApiPlugin,NetworkApiPlugin,loop,30,0.011848499222348133,0.0016520874625587335,0.008146977052092552,0.014188000932335854,0.013382267206907272,69.66210875737791,865660.341669542,865661.345850846
world,NetworkApiPlugin,NetworkApiPlugin,loop,30,0.012265495024621487,0.001998436081427356,0.008377013728022575,0.015822937712073326,0.015067047206684945,69.78788066965838,865661.345850846,865662.353918609
world,NetworkApiPlugin,NetworkApiPlugin,loop,30,0.012317039848615726,0.0018451799092785329,0.008153030648827553,0.015035970136523247,0.014563678996637462,69.7048198315315,865662.353918609,865663.357953036
world,NetworkApiPlugin,NetworkApiPlugin,loop,6,0.009894642668465773,0.0021599662563103507,0.008392962627112865,0.014344928786158562,0.013461452908813953,69.7507939961118,865663.357953036,865663.666889284
world,UVC_Source,UVC_Source,boot,1,175.96568097360432,0.0,175.96568097360432,175.96568097360432,175.96568097360432,175.96568097360432,865641.065451584,865641.241417265
world,UVC_Source,UVC_Source,loop,30,27.735680058443297,4.191851387774626,17.680451972410083,33.436129917390645,33.346397132845595,68.84609050272654,865641.241417265,865642.244877075
world,UVC_Source,UVC_Source,loop,30,30.609357993428905,2.0007960581410322,27.731174021027982,33.526570070534945,33.38580310810357,68.94394652917981,865642.244877075,865643.248926615
world,UVC_Source,UVC_Source,loop,30,26.145564916078,8.519264966091994,0.09720795787870884,33.82553590927273,32.66574098379351,69.67229829557861,865643.248926615,865644.257161472
world,UVC_Source,UVC_Source,loop,27,24.823229815983385,8.0221719450647,0.1553760375827551,32.10886602755636,31.47784599568695,70.26334718749341,865644.257161472,865645.26090998
world,UVC_Source,UVC_Source,loop,30,28.182391993080575,2.125914200906078,25.015713996253908,32.24323398899287,31.980234250659123,69.01004156485821,865645.26090998,865646.264964322
world,UVC_Source,UVC_Source,loop,30,28.0711304784442,2.0508574451298816,25.246681994758546,32.08098898176104,31.466308346716684,68.94642813131213,865646.264964322,865647.273096022
world,UVC_Source,UVC_Source,loop,30,28.01719590012605,2.2904500779764194,23.508895887061954,32.30010997503996,31.469979317625985,69.15768166460718,865647.273096022,865648.277095079
world,UVC_Source,UVC_Source,loop,30,28.081829702326406,2.3619879998130235,23.6473890254274,32.19846508000046,32.17198711936362,69.06807476965089,865648.277095079,865649.281178889
world,UVC_Source,UVC_Source,loop,30,28.03245693212375,2.203847940734478,24.71756108570844,32.021804014220834,31.20497847557999,69.13443110339965,865649.281178889,865650.289184965
world,UVC_Source,UVC_Source,loop,30,27.719454319837194,2.655634251641726,20.075918058864772,31.8736630724743,30.91146643855609,69.32864457291241,865650.289184965,865651.293202055
world,UVC_Source,UVC_Source,loop,30,27.77238799802338,2.20169195645084,23.978697950951755,31.808397034183145,30.90236212010495,69.1198660992086,865651.293202055,865652.297245207
world,UVC_Source,UVC_Source,loop,30,27.98434285602222,2.1135537454598987,24.189726915210485,32.155632972717285,31.62580982898362,69.31410992595677,865652.297245207,865653.305290755
world,UVC_Source,UVC_Source,loop,30,27.901195307883125,2.352240558088703,24.613869027234614,32.30687801260501,31.918261433020234,69.36657605692744,865653.305290755,865654.309334328
world,UVC_Source,UVC_Source,loop,30,27.143959770910442,2.900748334285354,17.788492958061397,31.886084005236626,31.20192652568221,69.18718234325449,865654.309334328,865655.313376809
world,UVC_Source,UVC_Source,loop,30,27.736208401620388,2.237628596872411,24.492800002917647,31.81485994718969,31.770845572464168,69.48893543643256,865655.313376809,865656.321419372
world,UVC_Source,UVC_Source,loop,30,27.908828928290557,1.9142245540260896,24.684738949872553,31.63413004949689,30.457572161685675,69.44200426417713,865656.321419372,865657.325439616
world,UVC_Source,UVC_Source,loop,30,28.02788067298631,2.5993910655237857,22.91976590640843,32.11081004701555,32.05542078940198,69.40772039039682,865657.325439616,865658.329540749
world,UVC_Source,UVC_Source,loop,30,28.136991868571688,2.244658303205621,25.520464056171477,33.8650681078434,31.838507653446868,69.76466436171904,865658.329540749,865659.34004508
world,UVC_Source,UVC_Source,loop,30,27.462772058788687,2.0794719270343585,23.93700706306845,32.28987194597721,30.64553488511592,69.49013013703127,865659.34004508,865660.341507314
world,UVC_Source,UVC_Source,loop,30,27.420936202785622,2.3383663018415928,22.376063046976924,32.09629701450467,30.43969782302156,69.63373949984089,865660.341507314,865661.345593465
world,UVC_Source,UVC_Source,loop,30,27.65082639331619,2.185285250986674,22.28932292200625,31.082089990377426,30.60448866453953,69.75895685997482,865661.345593465,865662.353656883
world,UVC_Source,UVC_Source,loop,30,27.596300560981035,2.118228098901498,24.474540958181024,31.99190692976117,31.1442652833648,69.6759666587847,865662.353656883,865663.357695395
world,UVC_Source,UVC_Source,loop,6,28.2783715132003,2.1320555290221406,26.001636986620724,31.968698021955788,31.529929518001154,69.7338330016161,865663.357695395,865663.807222354
eye0,nnUNetDetector2DPlugin,2dcpp,boot,1,2.97429203055799,0.0,2.97429203055799,2.97429203055799,2.97429203055799,10.581189999356866,865644.614264163,865644.617238455
eye0,nnUNetDetector2DPlugin,pmrnet,loop,61,10.657451544949389,25.85193674973782,3.800528938882053,209.7992650233209,11.224159970879555,22.341382101972084,865644.617238455,865645.617860532
eye0,nnUNetDetector2DPlugin,pmrnet,loop,114,7.233697119405853,2.802028579148872,3.7244530394673347,11.820857063867152,11.111024243291467,18.84526659105496,865645.617860532,865646.618588895
eye0,nnUNetDetector2DPlugin,pmrnet,loop,108,8.260965605990755,2.8910578268661014,3.681152011267841,13.624410959891975,12.379330466501411,20.646219555702473,865646.618588895,865647.627488085
eye0,nnUNetDetector2DPlugin,pmrnet,loop,114,7.043723605181041,2.96868886009629,3.7960660411044955,13.463994022458792,11.552230099914595,18.640080139065457,865647.627488085,865648.627948389
eye0,nnUNetDetector2DPlugin,pmrnet,loop,111,7.510292936359775,2.922238586090767,3.760518040508032,13.27825803309679,11.511606513522565,19.160261260228115,865648.627948389,865649.637583928
eye0,nnUNetDetector2DPlugin,pmrnet,loop,108,7.570322106066333,2.994412398972762,3.8112319307401776,13.987910933792591,11.765251972246913,19.41119449178654,865649.637583928,865650.638853078
eye0,nnUNetDetector2DPlugin,pmrnet,loop,106,7.9486921027671755,3.082081110041993,3.786706947721541,14.01482499204576,11.837992264190689,20.062741191996228,865650.638853078,865651.640487119
eye0,nnUNetDetector2DPlugin,pmrnet,loop,109,7.708817204554489,2.9406735688757317,3.7475470453500748,13.671920052729547,11.471997387707233,19.663893205429847,865651.640487119,865652.64938931
eye0,nnUNetDetector2DPlugin,pmrnet,loop,111,7.91343681824704,2.922122457812592,3.8361100014299154,13.947790954262018,11.77310902858153,20.410303135511576,865652.64938931,865653.659677159
eye0,nnUNetDetector2DPlugin,pmrnet,loop,112,7.403970267789971,2.9076530979360564,3.986780997365713,12.913682032376528,11.766724952030927,19.25418189473151,865653.659677159,865654.671879547
eye0,nnUNetDetector2DPlugin,pmrnet,loop,96,9.523092350718798,2.654766304568121,3.8103589322417974,14.228545012883842,12.424456013832241,23.287841858594522,865654.671879547,865655.676590471
eye0,nnUNetDetector2DPlugin,pmrnet,loop,114,7.059115010697656,2.9072683860935613,3.7385309115052223,12.24311999976635,11.391146836103871,18.94294287347676,865655.676590471,865656.680037928
eye0,nnUNetDetector2DPlugin,pmrnet,loop,112,7.430166618308119,2.84337034249277,3.949003992602229,11.869346024468541,11.555789021076635,19.28716542793804,865656.680037928,865657.683110259
eye0,nnUNetDetector2DPlugin,pmrnet,loop,105,7.930673434886904,3.2158064328936358,3.7580179050564766,14.932408928871155,12.624361738562582,20.634146069087798,865657.683110259,865658.684385899
eye0,nnUNetDetector2DPlugin,pmrnet,loop,112,7.568799754413443,3.0663034667447073,3.807854955084622,13.720905990339816,11.496368405641988,20.23609543539351,865658.684385899,865659.685963844
eye0,nnUNetDetector2DPlugin,pmrnet,loop,109,7.788203939701507,2.947488859528072,3.728552022948861,13.565593981184065,11.91802741959691,20.360376779844454,865659.685963844,865660.689078399
eye0,nnUNetDetector2DPlugin,pmrnet,loop,105,8.108618533948349,3.041431489831146,3.7778730038553476,13.411801075562835,11.824963660910726,20.627069182782655,865660.689078399,865661.694089796
eye0,nnUNetDetector2DPlugin,pmrnet,loop,104,8.185058682171915,3.1754079603052814,3.7491610273718834,15.28286305256188,12.574155314359814,20.63201044802554,865661.694089796,865662.705748821
eye0,nnUNetDetector2DPlugin,pmrnet,loop,109,7.543279246828698,2.991842942842934,3.7544459337368608,13.645196100696921,11.545873223803937,19.781452245847962,865662.705748821,865663.717070213
eye0,nnUNetDetector2DPlugin,pmrnet,loop,10,9.046009206213057,2.823452280922943,3.7965900264680386,11.401108000427485,11.3248820300214,20.475392695516348,865663.717070213,865664.913419968
eye0,Roi,Roi,boot,1,0.03251200541853905,0.0,0.03251200541853905,0.03251200541853905,0.03251200541853905,7.597530959174037,865644.614222349,865644.614254861
eye0,Roi,Roi,loop,62,0.003760667412631935,0.0007358766405970306,0.002262997440993786,0.00605208333581686,0.004916975740343332,11.67205072218372,865644.614254861,865645.618404663
eye0,Roi,Roi,loop,114,0.0035831757837481667,0.000893392451190596,0.0021919840946793556,0.008886097930371761,0.004705588798969983,11.612820502354257,865645.618404663,865646.619664072
eye0,Roi,Roi,loop,108,0.003988172263941831,0.0019433322425659102,0.0022150343284010887,0.021822983399033546,0.005122547736391424,12.374334772445124,865646.619664072,865647.627739465
eye0,Roi,Roi,loop,114,0.003649512093448848,0.0007618078204831856,0.0021669548004865646,0.005256966687738895,0.004879658808931708,11.598830903765926,865647.627739465,865648.629118704
eye0,Roi,Roi,loop,111,0.0039180698762605855,0.0007845717735085073,0.0023050233721733093,0.007447903044521809,0.005031994078308344,11.646552785375231,865648.629118704,865649.637995285
eye0,Roi,Roi,loop,108,0.0038638363885520784,0.0009482108379556079,0.0024830223992466927,0.009909970685839653,0.005082244751974939,11.796410122230926,865649.637995285,865650.642462865
eye0,Roi,Roi,loop,106,0.00401610016541661,0.0008399456156529973,0.0023029278963804245,0.006251037120819092,0.005148031050339341,12.180103829244748,865650.642462865,865651.642533575
eye0,Roi,Roi,loop,109,0.0037801603641395174,0.0007259323127741146,0.0022050226107239723,0.005529029294848442,0.00495102722197771,11.93467651092268,865651.642533575,865652.64961623
eye0,Roi,Roi,loop,111,0.0038456364727772036,0.000761476213042569,0.0024799956008791924,0.005344976671040058,0.0050040544010698795,12.515574891900492,865652.64961623,865653.660871806
eye0,Roi,Roi,loop,111,0.0038669583060451456,0.0013482773907445712,0.0023830216377973557,0.01558696385473013,0.004926521796733141,11.796375690447586,865653.660871806,865654.662672154
eye0,Roi,Roi,loop,95,0.004202535523003654,0.0007760899923497578,0.002105953171849251,0.006465008482336998,0.005368643905967474,13.803563428748594,865654.662672154,865655.665992615
eye0,Roi,Roi,loop,114,0.0035199377555073354,0.0006640635247907674,0.002074986696243286,0.004967092536389828,0.004516384797170758,11.848990510324048,865655.665992615,865656.670391439
eye0,Roi,Roi,loop,112,0.0035481207305565476,0.0007164673575095838,0.002095010131597519,0.005232985131442547,0.004551606252789497,11.892037042084016,865656.670391439,865657.670765124
eye0,Roi,Roi,loop,105,0.003890116654691242,0.0008392094145086401,0.002322020009160042,0.006731017492711544,0.005161762237548828,12.610083843936168,865657.670765124,865658.671382559
eye0,Roi,Roi,loop,113,0.0035758841106981304,0.000751399498039109,0.002025044523179531,0.005232053808867931,0.0045847613364458075,12.70386686577437,865658.671382559,865659.6749929
eye0,Roi,Roi,loop,109,0.0036436585931602966,0.0006825639439580835,0.0024230685085058212,0.0053319381549954414,0.004760618321597576,12.565883903960707,865659.6749929,865660.678146552
eye0,Roi,Roi,loop,105,0.003850371355102176,0.000875407298569972,0.002232030965387821,0.009289942681789398,0.004754960536956787,12.511768361686595,865660.678146552,865661.685199273
eye0,Roi,Roi,loop,104,0.004061069026087912,0.0010841242557103452,0.002282089553773403,0.011418014764785767,0.0053621712140738955,12.440249295860458,865661.685199273,865662.693653277
eye0,Roi,Roi,loop,109,0.003995321511607104,0.0009737714113434888,0.0024479813873767853,0.009109964594244957,0.005385419353842735,12.231644714003378,865662.693653277,865663.703631667
eye0,Roi,Roi,loop,10,0.003977410960942507,0.0006423117581636595,0.003027031198143959,0.004953937605023384,0.004818517481908202,11.424506700132042,865663.703631667,865664.91391737
eye1,nnUNetDetector2DPlugin,2dcpp,boot,1,3.442864981479943,0.0,3.442864981479943,3.442864981479943,3.442864981479943,13.793638092465699,865644.659206965,865644.66264983
eye1,nnUNetDetector2DPlugin,pmrnet,loop,60,11.27057404567798,25.344387663300683,3.7827829364687204,204.6656869351864,11.643936083419245,23.410756007069722,865644.66264983,865645.663036641
eye1,nnUNetDetector2DPlugin,pmrnet,loop,116,6.975077743971206,2.9933850656952634,3.560786019079387,13.866091961972415,11.34096400346607,18.653016399937393,865645.663036641,865646.670101889
eye1,nnUNetDetector2DPlugin,pmrnet,loop,113,7.332956574989104,2.9477474718281567,3.745095105841756,14.034893945790827,11.767559056170285,18.921912813649833,865646.670101889,865647.673328584
eye1,nnUNetDetector2DPlugin,pmrnet,loop,117,6.887787294327321,2.8044276008641114,3.7349319318309426,11.862718034535646,11.139031406491995,18.287570566997633,865647.673328584,865648.682473065
eye1,nnUNetDetector2DPlugin,pmrnet,loop,113,7.521287217711519,3.084912015854184,3.644536016508937,13.065048959106207,11.720651271753013,19.407943862622226,865648.682473065,865649.684181663
eye1,nnUNetDetector2DPlugin,pmrnet,loop,109,7.692305196008277,2.9108100595633943,3.84288199711591,13.45281396061182,11.705460189841688,19.971178685434573,865649.684181663,865650.685886501
eye1,nnUNetDetector2DPlugin,pmrnet,loop,104,8.345541744627273,3.047532651929637,3.8224540185183287,13.254621997475624,12.395281309727578,20.902667379302258,865650.685886501,865651.691013566
eye1,nnUNetDetector2DPlugin,pmrnet,loop,111,7.775862537626479,2.836543655574562,3.7876630667597055,12.581210001371801,11.501208471599966,20.258840906584787,865651.691013566,865652.695741588
eye1,nnUNetDetector2DPlugin,pmrnet,loop,110,7.669680160258642,2.8541087553859703,3.9248629473149776,12.626879033632576,11.30293439491652,20.07562757829543,865652.695741588,865653.699625721
eye1,nnUNetDetector2DPlugin,pmrnet,loop,102,8.59009705862834,2.771573772776333,3.8298500003293157,13.418377027846873,11.93406047532335,21.523370393825804,865653.699625721,865654.700843767
eye1,nnUNetDetector2DPlugin,pmrnet,loop,104,8.19345939761171,3.2500393431245125,3.866847022436559,15.004453947767615,12.551799026550723,20.506579671816255,865654.700843767,865655.708302413
eye1,nnUNetDetector2DPlugin,pmrnet,loop,106,8.015202427555298,2.8036937020249995,3.7850020453333855,11.824690969660878,11.294978728983551,20.31915182827638,865655.708302413,865656.713060262
eye1,nnUNetDetector2DPlugin,pmrnet,loop,108,7.939099130453542,3.000993750543253,3.775799064897001,13.30071606207639,11.731963208876548,20.509660250455553,865656.713060262,865657.714596738
eye1,nnUNetDetector2DPlugin,pmrnet,loop,103,8.10118531017085,3.086152307024244,3.955255961045623,12.74945994373411,11.928066436666994,20.464051080849565,865657.714596738,865658.71964307
eye1,nnUNetDetector2DPlugin,pmrnet,loop,107,7.793253114682004,3.0026769176852346,3.790555987507105,13.242740998975933,11.978763306979088,20.27873228473815,865658.71964307,865659.721231736
eye1,nnUNetDetector2DPlugin,pmrnet,loop,117,6.93191763244442,2.799563008980178,3.8456249749287963,12.555336928926408,11.396380164660513,18.629218035767604,865659.721231736,865660.734846931
eye1,nnUNetDetector2DPlugin,pmrnet,loop,111,7.593678364001617,3.1393165355325605,3.9828598964959383,14.332361984997988,11.918595992028713,19.748248298325247,865660.734846931,865661.744372476
eye1,nnUNetDetector2DPlugin,pmrnet,loop,102,8.341083317931156,3.2163688160065997,3.7632560124620795,15.282393083907664,12.07377792452462,20.82609991182336,865661.744372476,865662.750874032
eye1,nnUNetDetector2DPlugin,pmrnet,loop,110,7.6514111038043415,2.9796520368426145,3.653559018857777,12.818456976674497,11.6081663640216,20.427806106057357,865662.750874032,865663.752935186
eye1,nnUNetDetector2DPlugin,pmrnet,loop,7,9.878888027742505,1.9280304817021736,5.221870029345155,11.262284009717405,11.176251212600619,25.428513430857233,865663.752935186,865664.916775197
eye1,Roi,Roi,boot,1,0.03498594742268324,0.0,0.03498594742268324,0.03498594742268324,0.03498594742268324,10.340575012378395,865644.65916168,865644.659196666
eye1,Roi,Roi,loop,61,0.0038242929416601773,0.0006699028796257173,0.0025780173018574715,0.005300971679389477,0.00506499782204628,12.094906145767844,865644.659196666,865645.667146996
eye1,Roi,Roi,loop,116,0.0034465368210884004,0.0007200341211201332,0.002313056029379368,0.0053800176829099655,0.004779489245265722,11.695705180594313,865645.667146996,865646.670515339
eye1,Roi,Roi,loop,113,0.0037704110227986774,0.0008783176119507742,0.0023120082914829254,0.007673981599509716,0.0051722396165132505,11.606507176384989,865646.670515339,865647.673733542
eye1,Roi,Roi,loop,116,0.0036676356103271246,0.0011865724545199905,0.002276967279613018,0.013891956768929958,0.004791421815752983,11.359665986423478,865647.673733542,865648.674080665
eye1,Roi,Roi,loop,113,0.0037896277926928175,0.0007161785622837205,0.002286047674715519,0.005971058271825314,0.004927185364067554,11.881039992996813,865648.674080665,865649.679302536
eye1,Roi,Roi,loop,110,0.0038979342207312584,0.0009174223992183228,0.002248096279799938,0.00976503361016512,0.00529407407157123,12.283485088582067,865649.679302536,865650.689657678
eye1,Roi,Roi,loop,104,0.00400649262771297,0.0008297566813343163,0.0024280743673443794,0.0061800237745046616,0.0056911143474280826,12.561933512468105,865650.689657678,865651.691412617
eye1,Roi,Roi,loop,111,0.003791489713900798,0.0007969491445052975,0.002362998202443123,0.00674102921038866,0.005065056029707193,12.441846329156679,865651.691412617,865652.696149693
eye1,Roi,Roi,loop,110,0.0037032751027833333,0.0007044429383351954,0.002210959792137146,0.005224021151661873,0.004796072607859969,12.387790310789239,865652.696149693,865653.703425171
eye1,Roi,Roi,loop,102,0.003947581931510393,0.0008320517467526211,0.002348097041249275,0.005931011401116848,0.005476950900629162,12.932643127700716,865653.703425171,865654.712529619
eye1,Roi,Roi,loop,105,0.00385689948286329,0.000796689021229148,0.002472079358994961,0.0059480080381035805,0.005305395461618899,12.282538080277542,865654.712529619,865655.722968023
eye1,Roi,Roi,loop,106,0.003786122795405253,0.0008189255647763321,0.0025230692699551582,0.008358038030564785,0.004935951437801123,12.404385435763958,865655.722968023,865656.724783429
eye1,Roi,Roi,loop,108,0.003799607468493007,0.000655871313595467,0.0023230677470564842,0.0055310083553195,0.004897062899544834,12.496153522213852,865656.724783429,865657.725094013
eye1,Roi,Roi,loop,103,0.003990687845835408,0.0008194593621064294,0.002435990609228611,0.006466987542808056,0.005391088780015707,12.330328930368267,865657.725094013,865658.731674674
eye1,Roi,Roi,loop,107,0.0037417657864845803,0.0006663306576741861,0.0021801097318530083,0.005089095793664455,0.004718767013400792,12.54177258554498,865658.731674674,865659.733350482
eye1,Roi,Roi,loop,116,0.003712850919892562,0.0014000441552611664,0.0023070024326443672,0.016960897482931614,0.004780507879331708,11.6656910636109,865659.733350482,865660.735245419
eye1,Roi,Roi,loop,111,0.0038352461431074786,0.0008118554872092005,0.002434011548757553,0.006636022590100765,0.005156500265002251,12.156444872301575,865660.735245419,865661.74473539
eye1,Roi,Roi,loop,102,0.004075520087544825,0.0010208421432513568,0.002574990503489971,0.009236973710358143,0.005939451511949297,12.45775506557787,865661.74473539,865662.751286033
eye1,Roi,Roi,loop,110,0.003817302852191708,0.0007529443386110267,0.002286047674715519,0.005668960511684418,0.004904391244053841,12.795297768686645,865662.751286033,865663.754600986
eye1,Roi,Roi,loop,6,0.004170675917218129,0.0002189986375896686,0.003771972842514515,0.004439963959157467,0.004418223397806287,15.69536532042548,865663.754600986,865664.917235234
